<?xml version="1.0" encoding="UTF-8"?>

<beans xmlns="http://www.springframework.org/schema/beans"
	xmlns:xsi="http://www.w3.org/2001/XMLSchema-instance" xmlns:p="http://www.springframework.org/schema/p"
	xmlns:context="http://www.springframework.org/schema/context"
	xmlns:aop="http://www.springframework.org/schema/aop" xmlns:tx="http://www.springframework.org/schema/tx"
	xmlns:security="http://www.springframework.org/schema/security"
	xsi:schemaLocation="http://www.springframework.org/schema/beans
http://www.springframework.org/schema/beans/spring-beans-3.0.xsd
http://www.springframework.org/schema/tx
http://www.springframework.org/schema/tx/spring-tx-3.0.xsd
http://www.springframework.org/schema/context
http://www.springframework.org/schema/context/spring-context-3.0.xsd
http://www.springframework.org/schema/security
http://www.springframework.org/schema/security/spring-security-3.0.3.xsd
">

	<bean id="roosterProcessor" class="com.amdocs.volunteer.roster.system.processor.RosterProcessor"/>

	<bean id="allocationPrinter" class="com.amdocs.volunteer.roster.system.printer.AllocationPrinter"/>
	
	<bean id="inputReader" class="com.amdocs.volunteer.roster.system.reader.RosterInputReader"/>

	<bean id="roosterImplementation" class="com.amdocs.volunteer.roster.system.implementation.RosterImplementation">
		<property name="processor">
			<ref bean="roosterProcessor" />
		</property>
		<property name="printer">
			<ref bean="allocationPrinter" />
		</property>
		<property name="reader">
			<ref bean="inputReader" />
		</property>
	</bean>
</beans>
